<?xml version="1.0"?>

<!--~ Hibernate, Relational Persistence for Idiomatic Java~~ License: GNU Lesser General Public License (LGPL), version 2.1 or later.~ See the lgpl.txt file in the root directory or <http://www.gnu.org/licenses/lgpl-2.1.html>. -->

<!DOCTYPE hibernate-configuration PUBLIC 
"http://www.hibernate.org/dtd/hibernate-configuration-3.0.dtd" 
"-//Hibernate/Hibernate Configuration DTD 3.0//EN">

<hibernate-configuration>


	<session-factory>
	
		<property name="hibernate.dialect">org.hibernate.dialect.H2Dialect</property>
		<property name="hibernate.connection.driver_class">org.h2.Driver</property>
		<property name="hibernate.connection.username">sa</property>
		<property name="hibernate.connection.password"/>
		<property name="hibernate.connection.url">jdbc:h2:tcp://localhost/~/test</property>
		<property name="hibernate.hbm2ddl.auto">create-drop</property>
		<property name="show_sql">true</property>
	
	
		<mapping class="com.anz.Hibernate.UserDetails"/>
		
		
	</session-factory>

</hibernate-configuration>